irradiance,ambient_temperature,wind_speed
531.0,20.043,4.332
2.0,11.649,6.045
61.0,14.138,4.855
436.99999999999994,19.262,7.008
483.0,23.135,8.27
67.0,8.032,7.975
191.0,16.351,7.528
989.0,22.744,10.962
774.0,6.581,11.47
55.0,11.514,6.303
5.0,17.049,8.716
91.0,12.163,6.593
671.9999999999999,19.674,9.296
236.0,8.59,5.21
583.0,16.005,11.535
975.0,19.078,6.022
